symbol,type,found_value,canon_value,file,line,context,min_value,max_value,n_mentions
C_e,canon-mismatch,2.327e-25,1093845.63,VAM-8.5-Master_Formula.pdf,295.0,Ce 2.327e-25 2.371e-25 +1.91% +6.96%,,,
C_e,canon-mismatch,3.6,1093845.63,VAM-14-Topological_Fluid_Dynamics_Lagrangian.pdf,638.0,3.6 Chirality at the Knot Center and Temporal Vortex Flow,,,
C_e,canon-mismatch,4.0,1093845.63,VAM-14-Topological_Fluid_Dynamics_Lagrangian.pdf,718.0,"Group IV (Carbon) Central knot with 4 swirl lobes Balanced chirality, tetravalent High bonding versatility",,,
C_e,canon-mismatch,16.0,1093845.63,VAM_15_Quantum_Gravity.pdf,162.0,16VAM-11: Page 7 ‚Äî Identifies ¬Øhwith angular momentum of electron vortex: ¬Øh=m eCerc. Matches observed value using VAM constants.,,,
C_e,canon-mismatch,0.0,1093845.63,VAM_15_Quantum_Gravity.pdf,205.0,Ceœâ0.,,,
C_e,canon-mismatch,19.0,1093845.63,VAM_15_Quantum_Gravity.pdf,206.0,"19VAM-3: Equation (1), p. 3 ‚ÄîG=Cec5t2p",,,
C_e,canon-mismatch,2.0,1093845.63,VAM_15_Quantum_Gravity.pdf,545.0,"2‚âàm eCerc, (9)",,,
C_e,canon-mismatch,1.09,1093845.63,VAM_15_Quantum_Gravity.pdf,547.0,"Ce‚àº1.09√ó106m/s,m eelectron mass), indeedm eCerc‚âà1.054√ó10‚àí34Js, close to",,,
C_e,canon-mismatch,0.0,1093845.63,VAM_15_Quantum_Gravity.pdf,965.0,"Ceœâ0, (11)",,,
C_e,canon-mismatch,133.0,1093845.63,VAM_15_Quantum_Gravity.pdf,1017.0,133VAM-11: Sec. 4.1 ‚Äî ¬Øhderived from vortex core angular momentum: ¬Øh=M ercCe.,,,
C_e,canon-mismatch,159.0,1093845.63,VAM_15_Quantum_Gravity.pdf,1218.0,159VAM-1: Sec. 4.1 ‚Äî Defines Planck time as minimal loop swirl time:t p=rc/Ce.,,,
C_e,canon-mismatch,5.0,1093845.63,VAM_15_Quantum_Gravity.pdf,1398.0,Newton‚ÄôsG(empirical const.) G=Cec5t2p,,,
C_e,canon-mismatch,0.0,1093845.63,VAM_15_Quantum_Gravity.pdf,1552.0,Ceœâ0inside the flow246 247. While extremely small (for lab scales perhaps 10‚àí18,,,
C_e,canon-mismatch,1.094,1093845.63,VAM-2-Swirl_Clocks_and_Vorticity-Induced_Gravity.pdf,62.0,CeTangential eddy core velocity1.094√ó106m/s,,,
C_e,canon-mismatch,2.0,1093845.63,VAM-2-Swirl_Clocks_and_Vorticity-Induced_Gravity.pdf,92.0,CeLk (2),,,
C_e,canon-mismatch,5.0,1093845.63,VAM-2-Swirl_Clocks_and_Vorticity-Induced_Gravity.pdf,103.0,5ŒªcCe(3),,,
C_e,canon-mismatch,5.0,1093845.63,VAM-2-Swirl_Clocks_and_Vorticity-Induced_Gravity.pdf,109.0,5ŒªcCe‚àá2œà+Vœà(4),,,
C_e,canon-mismatch,0.0,1093845.63,VAM-2-Swirl_Clocks_and_Vorticity-Induced_Gravity.pdf,306.0,"rce‚àír/rc,andœâ 0= ‚Ñ¶(0) =Ce",,,
C_e,canon-mismatch,2.0,1093845.63,VAM-2-Swirl_Clocks_and_Vorticity-Induced_Gravity.pdf,1087.0,"2œÄr,withŒì = 2œÄr cCe (65)",,,
C_e,canon-mismatch,2.0,1093845.63,VAM-2-Swirl_Clocks_and_Vorticity-Induced_Gravity.pdf,1097.0,me(rcCe)2,,,
C_e,canon-mismatch,1.09384563,1093845.63,VAM-2-Swirl_Clocks_and_Vorticity-Induced_Gravity.pdf,1109.0,Ce= 1.09384563√ó106m/s,,,
C_e,canon-mismatch,5.0,1093845.63,VAM-2-Swirl_Clocks_and_Vorticity-Induced_Gravity.pdf,1425.0,Gravitational constant VAM G=Cec5t2,,,
C_e,canon-mismatch,5.0,1093845.63,VAM-2-Swirl_Clocks_and_Vorticity-Induced_Gravity.pdf,1529.0,Gswirl=Cec5t2,,,
C_e,canon-mismatch,5.0,1093845.63,VAM-2-Swirl_Clocks_and_Vorticity-Induced_Gravity.pdf,1607.0,Gswirl Swirl-induced gravitational constantCec5t2,,,
C_e,canon-mismatch,1.09384563,1093845.63,VAM-2-Swirl_Clocks_and_Vorticity-Induced_Gravity.pdf,1620.0,Ce Core tangential velocity1.09384563√ó106m¬∑s‚àí1,,,
C_e,canon-mismatch,1.09384563,1093845.63,VAM-2-Swirl_Clocks_and_Vorticity-Induced_Gravity.pdf,1635.0,Ce Vortex tangential velocity Maximal edge swirl velocity1.09384563√ó106m/s,,,
C_e,canon-mismatch,2.0,1093845.63,VAM-2-Swirl_Clocks_and_Vorticity-Induced_Gravity.pdf,1701.0,Ce=/parenleftÔ£¨iggmec2,,,
C_e,canon-mismatch,1.0,1093845.63,VAM-2-Swirl_Clocks_and_Vorticity-Induced_Gravity.pdf,1707.0,Ce=1,,,
C_e,canon-mismatch,1.0938,1093845.63,VAM-2-Swirl_Clocks_and_Vorticity-Induced_Gravity.pdf,1714.0,"Ce‚âà1.0938√ó106m/s,",,,
C_e,canon-mismatch,2.0,1093845.63,VAM-2-Swirl_Clocks_and_Vorticity-Induced_Gravity.pdf,1720.0,Œ±=2Ce,,,
C_e,canon-mismatch,3.0,1093845.63,VAM-2-Swirl_Clocks_and_Vorticity-Induced_Gravity.pdf,1786.0,Gswirl=Cec3l2,,,
C_e,canon-mismatch,5.0,1093845.63,VAM-2-Swirl_Clocks_and_Vorticity-Induced_Gravity.pdf,1798.0,Gswirl=Cec5t2,,,
C_e,canon-mismatch,3.0,1093845.63,VAM-2-Swirl_Clocks_and_Vorticity-Induced_Gravity.pdf,1811.0,Gswirl=Cec3l2,,,
C_e,canon-mismatch,5.0,1093845.63,VAM-2-Swirl_Clocks_and_Vorticity-Induced_Gravity.pdf,1816.0,Gswirl=Cec5t2,,,
C_e,canon-mismatch,0.0,1093845.63,VAM-2-Swirl_Clocks_and_Vorticity-Induced_Gravity.pdf,1937.0,Null Hypothesis (H 0):Ceis not universal; it varies with material and design param-,,,
C_e,canon-mismatch,1.0,1093845.63,VAM-2-Swirl_Clocks_and_Vorticity-Induced_Gravity.pdf,1940.0,Alternate Hypothesis (H 1):Ce‚âà1.0938√ó106m/s is universal within 1% across all,,,
C_e,canon-mismatch,106.0,1093845.63,VAM-2-Swirl_Clocks_and_Vorticity-Induced_Gravity.pdf,2064.0,‚Ä¢Ce‚âà106m/s,,,
C_e,canon-mismatch,1.09384563,1093845.63,VAM-2-Swirl_Clocks_and_Vorticity-Induced_Gravity.pdf,2069.0,Ce 1.09384563√ó106m/s,,,
C_e,canon-mismatch,106.0,1093845.63,VAM-2-Swirl_Clocks_and_Vorticity-Induced_Gravity.pdf,2107.0,"Ce‚àº106m/s, leading to predicted gravitational acceleration shifts:",,,
C_e,canon-mismatch,1.09,1093845.63,VAM-2-Swirl_Clocks_and_Vorticity-Induced_Gravity.pdf,2523.0,CeTangential velocity of core‚àº1.09√ó106m/s,,,
C_e,canon-mismatch,2.0,1093845.63,VAM-2-Swirl_Clocks_and_Vorticity-Induced_Gravity.pdf,2545.0,‚Éó v¬∑d‚Éól= 2œÄrcCe.(K2),,,
C_e,canon-mismatch,4.0,1093845.63,VAM-2-Swirl_Clocks_and_Vorticity-Induced_Gravity.pdf,2554.0,Œ∫=Cerc (K4),,,
C_e,canon-mismatch,5.0,1093845.63,VAM-2-Swirl_Clocks_and_Vorticity-Induced_Gravity.pdf,2635.0,Gswirl=Cec5t2,,,
C_e,canon-mismatch,3.0,1093845.63,VAM-2-Swirl_Clocks_and_Vorticity-Induced_Gravity.pdf,2665.0,Meff=Œ±¬∑œÅ √¶Cer3,,,
C_e,canon-mismatch,2.0,1093845.63,VAM-2-Swirl_Clocks_and_Vorticity-Induced_Gravity.pdf,3012.0,Œì = 2œÄrcCe.(S2),,,
C_e,canon-mismatch,2.0,1093845.63,VAM-2-Swirl_Clocks_and_Vorticity-Induced_Gravity.pdf,3014.0,2œÄrcCe=2œÄ‚Ñè,,,
C_e,canon-mismatch,2.0,1093845.63,VAM-2-Swirl_Clocks_and_Vorticity-Induced_Gravity.pdf,3029.0,Ce=2‚Ñè,,,
C_e,canon-mismatch,2.0,1093845.63,VAM-2-Swirl_Clocks_and_Vorticity-Induced_Gravity.pdf,3042.0,Œ±=2Ce,,,
C_e,canon-mismatch,5.0,1093845.63,VAM-5-OnAVortexBasedLagrangianUnificationGravityElectromagnetism.pdf,295.0,Gswirl=Cec5t2,,,
C_e,canon-mismatch,1.09384563,1093845.63,VAM-5-OnAVortexBasedLagrangianUnificationGravityElectromagnetism.pdf,1082.0,"‚Ä¢Ce= 1.09384563√ó106m/s,",,,
C_e,canon-mismatch,1.09384563,1093845.63,VAM-5-OnAVortexBasedLagrangianUnificationGravityElectromagnetism.pdf,1177.0,"‚Ä¢Ce= 1.09384563√ó106m/s,",,,
C_e,canon-mismatch,1.0938,1093845.63,VAM-5-OnAVortexBasedLagrangianUnificationGravityElectromagnetism.pdf,1263.0,"‚Ä¢Ce= 1.0938√ó106m/s,",,,
C_e,canon-mismatch,1.09384563,1093845.63,VAM-5-OnAVortexBasedLagrangianUnificationGravityElectromagnetism.pdf,1354.0,"‚Ä¢Ce= 1.09384563√ó106m/s,",,,
C_e,intra-corpus-spread,,,,,,0.0,159.0,53.0
alpha,canon-mismatch,18.0,0.0072973525643,VAM-14-Topological_Fluid_Dynamics_Lagrangian.pdf,795.0,"constantùê∫intermsof(18). Allalgebraemploysonlydimensionalrelations,thefine-structureconstant",,,
alpha,canon-mismatch,2.0,0.0072973525643,VAM-14-Topological_Fluid_Dynamics_Lagrangian.pdf,1965.0,"Key point ‚Äî dimensional inevitability: onceùê∂ ùëíis fixed by the fine-structure relationùõº=2ùê∂ ùëí/ùëê,",,,
alpha,canon-mismatch,2.0,0.0072973525643,VAM-14-Topological_Fluid_Dynamics_Lagrangian.pdf,2007.0,ùõºfine-structure const.2ùê∂ ùëí/ùëê(already proved),,,
alpha,canon-mismatch,80.0,0.0072973525643,VAM-14-Topological_Fluid_Dynamics_Lagrangian.pdf,2077.0,#IùëôùëôùëôùëôùëÜùë¶ùëöùëèùëúùëôùê∑ùëíùëìùëñùëõùëñùë°ùëñùëúùëõùëâùëéùëôùë¢ùëí(ùëÜùêº)ùëÜùëúùë¢ùëüùëêùëíùêπ maxmaximum \80\346ther tension (VAM)29.053507N Iskandarani 2025a Iskandarani2025aùëü c#Ivortex-core radius1.40897017√ó10‚àí15m Iskandarani 2025a Iskandarani2025aùê∂ e#Icore swirl speed1.09,,,
alpha,canon-mismatch,1.0,0.0072973525643,VAM-2-Swirl_Clocks_and_Vorticity-Induced_Gravity.pdf,1715.0,is consistent with the experimentally observed fine-structure constantŒ±‚âà1/137[?].,,,
alpha,intra-corpus-spread,,,,,,1.0,80.0,5.0
c,canon-mismatch,2.0,299792458.0,VAM-14-Topological_Fluid_Dynamics_Lagrangian.pdf,2108.0,2ùõºùëêand the geometric identityùëü c=ùõº‚Ñè,,,
c,canon-mismatch,253.0,299792458.0,VAM_15_Quantum_Gravity.pdf,1597.0,253VAM-5: Sec. 2.4 ‚Äîc=p,,,
c,canon-mismatch,1.093,299792458.0,VAM-2-Swirl_Clocks_and_Vorticity-Induced_Gravity.pdf,188.0,"rc, withC e‚âà1.093 845√ó106m/sandr c‚âà1.408 97√ó10‚àí15m.",,,
c,canon-mismatch,2.0,299792458.0,VAM-2-Swirl_Clocks_and_Vorticity-Induced_Gravity.pdf,1698.0,Substitutingœâ c=mec2,,,
c,canon-mismatch,1.17,299792458.0,VAM-5-OnAVortexBasedLagrangianUnificationGravityElectromagnetism.pdf,1078.0,"c‚âà1.17√ó10‚àí44m3,",,,
c,canon-mismatch,1.17,299792458.0,VAM-5-OnAVortexBasedLagrangianUnificationGravityElectromagnetism.pdf,1174.0,"c‚âà1.17√ó10‚àí44m3,",,,
c,canon-mismatch,1.17,299792458.0,VAM-5-OnAVortexBasedLagrangianUnificationGravityElectromagnetism.pdf,1351.0,"c‚âà1.17√ó10‚àí44m3,",,,
c,canon-mismatch,1.40897017,299792458.0,VAM-5-OnAVortexBasedLagrangianUnificationGravityElectromagnetism.pdf,1385.0,‚Ä¢Core radius:r c= 1.40897017√ó10‚àí15m,,,
c,canon-mismatch,2.33,299792458.0,VAM-5-OnAVortexBasedLagrangianUnificationGravityElectromagnetism.pdf,1397.0,c‚âà2.33√ó1030J/m3(H2),,,
c,canon-mismatch,1.17,299792458.0,VAM-5-OnAVortexBasedLagrangianUnificationGravityElectromagnetism.pdf,1401.0,c‚âà1.17√ó10‚àí44m3(H3),,,
c,intra-corpus-spread,,,,,,1.093,253.0,10.0
phi,canon-mismatch,3.0,1.618033988749895,VAM_15_Quantum_Gravity.pdf,416.0,"to the commutator[ ÀÜœï,ÀÜœÄ] =i¬ØhŒ¥3in quantum field theory, or[x,p] =i¬Øhin quantum",,,
phi,canon-mismatch,2.0,1.618033988749895,VAM_15_Quantum_Gravity.pdf,998.0,œï/C2e‚àí,,,
phi,canon-mismatch,1132.0,1.618033988749895,VAM_15_Quantum_Gravity.pdf,999.0,"1132shows that asv œï‚ÜíC e,z‚Üí‚àû: any light emerging is infinitely redshifted,",,,
phi,canon-mismatch,6.0,1.618033988749895,VAM-2-Swirl_Clocks_and_Vorticity-Induced_Gravity.pdf,1378.0,‚àÜœïVAM=6œÄGM,,,
phi,canon-mismatch,6.0,1.618033988749895,VAM-2-Swirl_Clocks_and_Vorticity-Induced_Gravity.pdf,1417.0,Precession Both ‚àÜœï=6œÄGM,,,
phi,canon-mismatch,0.0,1.618033988749895,VAM-2-Swirl_Clocks_and_Vorticity-Induced_Gravity.pdf,2175.0,F¬µŒΩ(Œû0) =‚àÇ¬µAŒΩ‚àí‚àÇŒΩA¬µ+œï(‚ü≤)Œ¥¬µŒΩ(E3),,,
phi,canon-mismatch,3.0,1.618033988749895,VAM-2-Swirl_Clocks_and_Vorticity-Induced_Gravity.pdf,2216.0,F¬µŒΩ=‚àÇ¬µAŒΩ‚àí‚àÇŒΩA¬µ+œï(‚ü≤)Œ¥¬µŒΩ(F3),,,
phi,canon-mismatch,2.0,1.618033988749895,VAM-2-Swirl_Clocks_and_Vorticity-Induced_Gravity.pdf,2235.0,"With vector potentialA x=e‚àíx2cos(œât)and swirl potentialœï(‚ü≤) =Œªsin(Œ∏), the gauge",,,
phi,canon-mismatch,2.0,1.618033988749895,VAM-2-Swirl_Clocks_and_Vorticity-Induced_Gravity.pdf,2253.0,phase-modulated potentialœï(‚ü≤) =Œªsin(Œ∏(x))and a vector potentialA x(t) =e‚àíx2cos(œât). This,,,
phi,intra-corpus-spread,,,,,,0.0,1132.0,9.0
r_c,canon-mismatch,1.0,1.40897017e-15,Unified_Lagrangian_for_a_Vortex_String_Theory-v3.pdf,137.0,"[1] Carlos Barcel√≥, Stefano Liberati, and Matt Visser. ‚ÄúAnalogue Gravity‚Äù. In:Living",,,
r_c,canon-mismatch,6.0,1.40897017e-15,VAM-8.5-Master_Formula.pdf,202.0,‚Ä¢Proton:ùë¢ùë¢ùëë=6 2+62+74‚Äî chiral triple link;ùëÄ ùëùwithin percent-level of experiment.,,,
r_c,canon-mismatch,29.053507,1.40897017e-15,VAM-14-Topological_Fluid_Dynamics_Lagrangian.pdf,42.0,"√¶): the tensile force limit of the √¶ther, fixed at29.053507 N",,,
r_c,canon-mismatch,29.053507,1.40897017e-15,VAM-14-Topological_Fluid_Dynamics_Lagrangian.pdf,56.0,"√¶=29.053507 N, which limits force",,,
r_c,canon-mismatch,2.1,1.40897017e-15,VAM-14-Topological_Fluid_Dynamics_Lagrangian.pdf,80.0,2.1 Gravitational Term (√Üther Geometry and Maximum Force),,,
r_c,canon-mismatch,3.0,1.40897017e-15,VAM-14-Topological_Fluid_Dynamics_Lagrangian.pdf,90.0,A density gradient exerts a force on test particles (vortices) much like gravity [VAM3].,,,
r_c,canon-mismatch,10.0,1.40897017e-15,VAM-14-Topological_Fluid_Dynamics_Lagrangian.pdf,306.0,"(see Eq. 10), this term also reinforces the interpretation of **mass as the swirl self-energy**. By",,,
r_c,canon-mismatch,2.0,1.40897017e-15,VAM-14-Topological_Fluid_Dynamics_Lagrangian.pdf,460.0,"ùëù2+ùëû2term, with a few-percent contribution from knot helicity.",,,
r_c,canon-mismatch,6.0,1.40897017e-15,VAM-14-Topological_Fluid_Dynamics_Lagrangian.pdf,486.0,"internal topology (e.g., a6 2or7 4knot), with energy derived from its effective volume, circulation,",,,
r_c,canon-mismatch,1.0,1.40897017e-15,VAM-14-Topological_Fluid_Dynamics_Lagrangian.pdf,721.0,Figure 1: Axial spin direction along the swirl axis (time thread). Spin vectors are forced to transport according to‚àáùúî.,,,
r_c,canon-mismatch,2.0,1.40897017e-15,VAM-14-Topological_Fluid_Dynamics_Lagrangian.pdf,799.0,AphotonofComptonfrequencyùúà ùëíwrapstwohalf-wavelengthhelicalarcs(ùëõ=2)aroundtheelectron,,,
r_c,canon-mismatch,2010.0,1.40897017e-15,VAM-14-Topological_Fluid_Dynamics_Lagrangian.pdf,837.0,PDF [znidarsic2010] later provided the written source used here.,,,
r_c,canon-mismatch,4.0,1.40897017e-15,VAM-14-Topological_Fluid_Dynamics_Lagrangian.pdf,843.0,gr=ùëê4/4ùê∫[gibbons2002]. By equating thearea‚Äìweighted forces1at their characteristic,,,
r_c,canon-mismatch,1.0,1.40897017e-15,VAM-14-Topological_Fluid_Dynamics_Lagrangian.pdf,844.0,"1Force√ócross-sectional area has unitsN m2=kg m2s‚àí2, identical to (action)√ó(velocity). In VAM this composite is",,,
r_c,canon-mismatch,23.0,1.40897017e-15,VAM-14-Topological_Fluid_Dynamics_Lagrangian.pdf,855.0,Solving (23) for either force yields,,,
r_c,canon-mismatch,2.0,1.40897017e-15,VAM-14-Topological_Fluid_Dynamics_Lagrangian.pdf,934.0,2. Estimate circulation:Œì‚âà2ùúãùëü ùëêùê∂ùëí,,,
r_c,canon-mismatch,7.0,1.40897017e-15,VAM-14-Topological_Fluid_Dynamics_Lagrangian.pdf,1179.0,D.7 Superconductivity and Swirl Analogies,,,
r_c,canon-mismatch,8.0,1.40897017e-15,VAM-14-Topological_Fluid_Dynamics_Lagrangian.pdf,1195.0,D.8 Swirl‚ÄìSupercurrent Dictionary,,,
r_c,canon-mismatch,1.0,1.40897017e-15,VAM-14-Topological_Fluid_Dynamics_Lagrangian.pdf,1322.0,Thisùëà(1)-like symmetry ensures gauge redundancy and enforces the conservation of topological,,,
r_c,canon-mismatch,2.0,1.40897017e-15,VAM-14-Topological_Fluid_Dynamics_Lagrangian.pdf,1472.0,"For a vortex with quantized circulationŒì=‚Ñé/ùëö, and azimuthal velocityùë£=Œì/2ùúãùëü ùëê=‚Ñè/(ùëöùëüùëê),",,,
r_c,canon-mismatch,3.0,1.40897017e-15,VAM-14-Topological_Fluid_Dynamics_Lagrangian.pdf,1506.0,I.3 Maximum Swirl Force Estimate,,,
r_c,canon-mismatch,3.0,1.40897017e-15,VAM-14-Topological_Fluid_Dynamics_Lagrangian.pdf,1628.0,K.3 Derivation of Equivalence via Energy‚ÄìForce Identity,,,
r_c,canon-mismatch,6.0,1.40897017e-15,VAM-14-Topological_Fluid_Dynamics_Lagrangian.pdf,1914.0,N.6 Hierarchy of Constants from One Tension Scale,,,
r_c,canon-mismatch,9.1,1.40897017e-15,VAM_15_Quantum_Gravity.pdf,66.0,9.1 Chirality as a Source of Swirl Tension. . . . . . . . . . . . . . . . . . . . . . 33,,,
r_c,canon-mismatch,9.0,1.40897017e-15,VAM_15_Quantum_Gravity.pdf,116.0,9VAM-2: Sec. 4.1 (pp. 6‚Äì8) ‚Äî Derives frame dragging from vortex circulation and shows alignment with Lense‚ÄìThirring effect using swirl clocks.,,,
r_c,canon-mismatch,15.0,1.40897017e-15,VAM_15_Quantum_Gravity.pdf,161.0,15VAM-7: Sec. 3.4 (p. 8) ‚Äî Links quantized circulationŒì=nh/mto phase coherence in vortex loop evolution.,,,
r_c,canon-mismatch,16.0,1.40897017e-15,VAM_15_Quantum_Gravity.pdf,162.0,16VAM-11: Page 7 ‚Äî Identifies ¬Øhwith angular momentum of electron vortex: ¬Øh=m eCerc. Matches observed value using VAM constants.,,,
r_c,canon-mismatch,2.0,1.40897017e-15,VAM_15_Quantum_Gravity.pdf,200.0,"integer multiple of a fundamental circulation quantum,Œì n=2œÄn¬Øh √¶/œÅ(fluid)",,,
r_c,canon-mismatch,45.0,1.40897017e-15,VAM_15_Quantum_Gravity.pdf,294.0,depending on flow conditions (e.g. fluid pressure or external forces)45. A,,,
r_c,canon-mismatch,46.0,1.40897017e-15,VAM_15_Quantum_Gravity.pdf,315.0,46VAM-3: Sec. 3.4 ‚Äî Derives ‚ÉóFvortex =œÅ √¶Œì(ÀÜT√ó‚àÜ ‚Éóv)as analogue of Lorentz force law.,,,
r_c,canon-mismatch,47.0,1.40897017e-15,VAM_15_Quantum_Gravity.pdf,316.0,47VAM-11: Sec. 4.1 ‚Äî Internal knot excitation levels yield quantized energy statesE n‚àùn2for looped circulation.,,,
r_c,canon-mismatch,51.0,1.40897017e-15,VAM_15_Quantum_Gravity.pdf,332.0,"S(t)by the phase of internal rotation,T vby one full circuit of the vortex, etc.51 52.",,,
r_c,canon-mismatch,1.0,1.40897017e-15,VAM_15_Quantum_Gravity.pdf,343.0,"to the SR time dilation factorŒ≥‚àí1, showing that a circulating vortex experiences the",,,
r_c,canon-mismatch,49.0,1.40897017e-15,VAM_15_Quantum_Gravity.pdf,359.0,49VAM-6: Sec. 2.2 ‚Äî Polarization state given by swirl orientation of ring vortex. Linear/circular polarization correspond to swirl axis vector.,,,
r_c,canon-mismatch,54.0,1.40897017e-15,VAM_15_Quantum_Gravity.pdf,364.0,54VAM-6: Sec. 4.2 ‚Äî Shows topological duality: circulation (momentum) vs. twist (spin); unifies EM and spinor field behavior.,,,
r_c,canon-mismatch,56.0,1.40897017e-15,VAM_15_Quantum_Gravity.pdf,366.0,56VAM-14: Sec. 4.3 ‚Äî Vortex circulation invariance arises from symmetry in angular swirl; fluid Noether current derived.,,,
r_c,canon-mismatch,68.0,1.40897017e-15,VAM_15_Quantum_Gravity.pdf,513.0,"68VAM-12: Sec. 2.3 ‚Äî Suggests nested vorticity layers form galactic, stellar, and particle-scale hierarchies.",,,
r_c,canon-mismatch,74.0,1.40897017e-15,VAM_15_Quantum_Gravity.pdf,527.0,forces74.,,,
r_c,canon-mismatch,2.0,1.40897017e-15,VAM_15_Quantum_Gravity.pdf,545.0,"2‚âàm eCerc, (9)",,,
r_c,canon-mismatch,1.09,1.40897017e-15,VAM_15_Quantum_Gravity.pdf,547.0,"Ce‚àº1.09√ó106m/s,m eelectron mass), indeedm eCerc‚âà1.054√ó10‚àí34Js, close to",,,
r_c,canon-mismatch,90.0,1.40897017e-15,VAM_15_Quantum_Gravity.pdf,714.0,90VAM-5: Sec. 4.1 ‚Äî Unified field strength tensor from √¶ther helicity and circulation transport.,,,
r_c,canon-mismatch,110.0,1.40897017e-15,VAM_15_Quantum_Gravity.pdf,845.0,‚Äúconserved circulation among nonlocal knotted domains‚Äù110‚Äì meaning if two vortices,,,
r_c,canon-mismatch,113.0,1.40897017e-15,VAM_15_Quantum_Gravity.pdf,887.0,a torque on the electron vortex‚Äôs circulation axis113 114. The electron trefoil has two,,,
r_c,canon-mismatch,119.0,1.40897017e-15,VAM_15_Quantum_Gravity.pdf,953.0,"certain forces)119 120. If a vortex‚Äôs tangential speedv Œ∏approachesC e, time dilation",,,
r_c,canon-mismatch,121.0,1.40897017e-15,VAM_15_Quantum_Gravity.pdf,959.0,"121VAM-5: Sec. 4.2 ‚Äî Electric field ‚ÉóE√¶arises from tension gradient, magnetic field ‚ÉóB√¶from circulation curl.",,,
r_c,canon-mismatch,133.0,1.40897017e-15,VAM_15_Quantum_Gravity.pdf,1006.0,forces (Bernoulli pressure gradients pulling things in)133 134.,,,
r_c,canon-mismatch,130.0,1.40897017e-15,VAM_15_Quantum_Gravity.pdf,1014.0,"130VAM-12: Sec. 6.4 ‚Äî Effective gravity force emerges from entropy gradient in swirl distribution, not spacetime curvature.",,,
r_c,canon-mismatch,133.0,1.40897017e-15,VAM_15_Quantum_Gravity.pdf,1017.0,133VAM-11: Sec. 4.1 ‚Äî ¬Øhderived from vortex core angular momentum: ¬Øh=M ercCe.,,,
r_c,canon-mismatch,134.0,1.40897017e-15,VAM_15_Quantum_Gravity.pdf,1018.0,134VAM-7: Sec. 4.1 ‚Äî Rewrites Schr√∂dinger equation from first principles using quantized swirl energy and circulation phase.,,,
r_c,canon-mismatch,142.0,1.40897017e-15,VAM_15_Quantum_Gravity.pdf,1120.0,142VAM-5: Sec. 3.3 ‚Äî Magnetic moment arises from circulation of tangential swirl velocity in closed vortex loop.,,,
r_c,canon-mismatch,143.0,1.40897017e-15,VAM_15_Quantum_Gravity.pdf,1134.0,correct to within sub-percent143 144. This is a stunning unification: the electron‚Äôs mass,,,
r_c,canon-mismatch,145.0,1.40897017e-15,VAM_15_Quantum_Gravity.pdf,1167.0,"145VAM-7: Sec. 4.3 ‚ÄîR ‚àûcomputed from transition between quantized vortex radii usingn=1, 2, ... circular swirl states.",,,
r_c,canon-mismatch,151.0,1.40897017e-15,VAM_15_Quantum_Gravity.pdf,1179.0,paths due to swirl pressure gradientsin VAM151 152. It is a real force (not fictitious) arising,,,
r_c,canon-mismatch,1.0,1.40897017e-15,VAM_15_Quantum_Gravity.pdf,1201.0,"We also unify the gauge forces. The Standard Model gauge groupsU(1),SU(2),SU(3)",,,
r_c,canon-mismatch,155.0,1.40897017e-15,VAM_15_Quantum_Gravity.pdf,1214.0,155VAM-3: Sec. 4.3 ‚Äî Nuclear binding energy from swirl overlap region and circulation reinforcement.,,,
r_c,canon-mismatch,159.0,1.40897017e-15,VAM_15_Quantum_Gravity.pdf,1218.0,159VAM-1: Sec. 4.1 ‚Äî Defines Planck time as minimal loop swirl time:t p=rc/Ce.,,,
r_c,canon-mismatch,161.0,1.40897017e-15,VAM_15_Quantum_Gravity.pdf,1226.0,complex but VAM links it tobifurcations and chirality flips of vortices161. The suggestion,,,
r_c,canon-mismatch,3.0,1.40897017e-15,VAM_15_Quantum_Gravity.pdf,1229.0,to changing a particle to its antiparticle or neutrino oscillation). -SU(3) C(color force),,,
r_c,canon-mismatch,165.0,1.40897017e-15,VAM_15_Quantum_Gravity.pdf,1268.0,165VAM-6: Sec. 2.1 ‚Äî Ring vortex (photon) has balanced inward/outward swirl; net circulation zerozero mass.,,,
r_c,canon-mismatch,166.0,1.40897017e-15,VAM_15_Quantum_Gravity.pdf,1269.0,166VAM-6: Sec. 2.3 ‚Äî Circular polarization = photon with net swirl twistspin-1 interpretation.,,,
r_c,canon-mismatch,176.0,1.40897017e-15,VAM_15_Quantum_Gravity.pdf,1304.0,Weak isospin Vortex chirality state (left/right bifurcation)176.,,,
r_c,canon-mismatch,193.0,1.40897017e-15,VAM_15_Quantum_Gravity.pdf,1347.0,circulation193. Measurement on one enforces global,,,
r_c,canon-mismatch,210.0,1.40897017e-15,VAM_15_Quantum_Gravity.pdf,1388.0,(Bernoulli force) causing curved trajectories210 211.,,,
r_c,canon-mismatch,213.0,1.40897017e-15,VAM_15_Quantum_Gravity.pdf,1397.0,for appropriate circulationŒì213 214.,,,
r_c,canon-mismatch,215.0,1.40897017e-15,VAM_15_Quantum_Gravity.pdf,1401.0,rc)215 216. Numerically matches 6.674√ó10‚àí11(validation,,,
r_c,canon-mismatch,1.0,1.40897017e-15,VAM_15_Quantum_Gravity.pdf,1404.0,1‚àí2GM/rc2 Swirl clock slowdowndœÑ=dNr,,,
r_c,canon-mismatch,11.0,1.40897017e-15,VAM_15_Quantum_Gravity.pdf,1541.0,"depends on helicity density (Eq. 11), a small clock placed in a region of circulating",,,
r_c,canon-mismatch,242.0,1.40897017e-15,VAM_15_Quantum_Gravity.pdf,1544.0,242VAM-5: Sec. 5.3 ‚Äî Swirl field expelled from superconducting region; matches magnetic field expulsion.,,,
r_c,canon-mismatch,248.0,1.40897017e-15,VAM_15_Quantum_Gravity.pdf,1559.0,"differently248 249. Specifically, a circularly polarized laser beam passing near",,,
r_c,canon-mismatch,250.0,1.40897017e-15,VAM_15_Quantum_Gravity.pdf,1566.0,swirl250. A possible test: Fire counter-propagating circularly polarized lasers,,,
r_c,canon-mismatch,3.0,1.40897017e-15,VAM_15_Quantum_Gravity.pdf,1570.0,3.Mass‚Äìcirculation correlation quantization:VAM states that inertial mass,,,
r_c,canon-mismatch,255.0,1.40897017e-15,VAM_15_Quantum_Gravity.pdf,1606.0,the proton mass within a percent255 256. It likely also predicts something like the,,,
r_c,canon-mismatch,256.0,1.40897017e-15,VAM_15_Quantum_Gravity.pdf,1644.0,256VAM-2: Sec. 4.4 ‚Äî Frame dragging and orbital precession predicted from swirl circulation; matches Lense‚ÄìThirring values.,,,
r_c,canon-mismatch,9.1,1.40897017e-15,VAM_15_Quantum_Gravity.pdf,1664.0,9.1 Chirality as a Source of Swirl Tension,,,
r_c,canon-mismatch,12.0,1.40897017e-15,VAM_15_Quantum_Gravity.pdf,1682.0,"tube carries both circulation and strain. From Eq. (12), the vortex energy is proportional",,,
r_c,canon-mismatch,2.0,1.40897017e-15,VAM_15_Quantum_Gravity.pdf,1717.0,"Figure 2 illustrates this hierarchy: from a knotted core, a swirl thread extends, storing",,,
r_c,canon-mismatch,2.0,1.40897017e-15,VAM-2-Swirl_Clocks_and_Vorticity-Induced_Gravity.pdf,12.0,gravitational force is modeled as a Bernoulli pressure potential‚àá2Œ¶v(‚Éó r) =‚àíœÅ √¶‚à•œâ(‚Éó r)‚à•2. Time,,,
r_c,canon-mismatch,1.0,1.40897017e-15,VAM-2-Swirl_Clocks_and_Vorticity-Induced_Gravity.pdf,15.0,"circulation energy, and introduce the coupling factorŒ≤= 1/c2which reflects √¶theric inertial drag.",,,
r_c,canon-mismatch,2.0,1.40897017e-15,VAM-2-Swirl_Clocks_and_Vorticity-Induced_Gravity.pdf,18.0,r2cc2e‚àír/rc.,,,
r_c,canon-mismatch,3.0,1.40897017e-15,VAM-2-Swirl_Clocks_and_Vorticity-Induced_Gravity.pdf,51.0,3. VorticityThe vortex circulation is conserved and quantized.,,,
r_c,canon-mismatch,1.0,1.40897017e-15,VAM-2-Swirl_Clocks_and_Vorticity-Induced_Gravity.pdf,63.0,"rcVortex core radius1,409√ó10‚àí15m",,,
r_c,canon-mismatch,29.05,1.40897017e-15,VAM-2-Swirl_Clocks_and_Vorticity-Induced_Gravity.pdf,65.0,√¶Maximum eddy force29.05N,,,
r_c,canon-mismatch,1.54,1.40897017e-15,VAM-2-Swirl_Clocks_and_Vorticity-Induced_Gravity.pdf,72.0,Œ∫Circulation quantum (C erc)1.54√ó10‚àí9m2/s,,,
r_c,canon-mismatch,4.0,1.40897017e-15,VAM-2-Swirl_Clocks_and_Vorticity-Induced_Gravity.pdf,87.0,"4GistheMaximumForceinnature,thestresslimitofthe√¶therfoundfromGeneral",,,
r_c,canon-mismatch,2.0,1.40897017e-15,VAM-2-Swirl_Clocks_and_Vorticity-Induced_Gravity.pdf,130.0,rc2/radicalÔ£¨ig,,,
r_c,canon-mismatch,2.0,1.40897017e-15,VAM-2-Swirl_Clocks_and_Vorticity-Induced_Gravity.pdf,135.0,rc2/parenrightÔ£¨ig‚àí1/2‚àí1z=/parenleftbigg,,,
r_c,canon-mismatch,1.093,1.40897017e-15,VAM-2-Swirl_Clocks_and_Vorticity-Induced_Gravity.pdf,188.0,"rc, withC e‚âà1.093 845√ó106m/sandr c‚âà1.408 97√ó10‚àí15m.",,,
r_c,canon-mismatch,14.0,1.40897017e-15,VAM-2-Swirl_Clocks_and_Vorticity-Induced_Gravity.pdf,321.0,rce‚àír/rc(14),,,
r_c,canon-mismatch,2.0,1.40897017e-15,VAM-2-Swirl_Clocks_and_Vorticity-Induced_Gravity.pdf,362.0,rc2(18),,,
r_c,canon-mismatch,27.0,1.40897017e-15,VAM-2-Swirl_Clocks_and_Vorticity-Induced_Gravity.pdf,491.0,"rckBTœâ,(27)",,,
r_c,canon-mismatch,2.0,1.40897017e-15,VAM-2-Swirl_Clocks_and_Vorticity-Induced_Gravity.pdf,638.0,2œÄr2: local angular velocity for circulationŒ∫.,,,
r_c,canon-mismatch,2.0,1.40897017e-15,VAM-2-Swirl_Clocks_and_Vorticity-Induced_Gravity.pdf,715.0,rc2‚àíJ2,,,
r_c,canon-mismatch,2.0,1.40897017e-15,VAM-2-Swirl_Clocks_and_Vorticity-Induced_Gravity.pdf,731.0,rc2‚ÜíŒ≥‚ü®œâ2‚ü©,,,
r_c,canon-mismatch,2.0,1.40897017e-15,VAM-2-Swirl_Clocks_and_Vorticity-Induced_Gravity.pdf,732.0,"rc2,",,,
r_c,canon-mismatch,2.0,1.40897017e-15,VAM-2-Swirl_Clocks_and_Vorticity-Induced_Gravity.pdf,741.0,rc2‚àíŒ∫2,,,
r_c,canon-mismatch,2.0,1.40897017e-15,VAM-2-Swirl_Clocks_and_Vorticity-Induced_Gravity.pdf,861.0,rc2‚àíŒ∫2,,,
r_c,canon-mismatch,5.0,1.40897017e-15,VAM-2-Swirl_Clocks_and_Vorticity-Induced_Gravity.pdf,908.0,5.Kerr-Like Redshift with Vorticity and Circulation:,,,
r_c,canon-mismatch,2.0,1.40897017e-15,VAM-2-Swirl_Clocks_and_Vorticity-Induced_Gravity.pdf,912.0,rc2‚àíŒ∫2,,,
r_c,canon-mismatch,2.0,1.40897017e-15,VAM-2-Swirl_Clocks_and_Vorticity-Induced_Gravity.pdf,933.0,rc2‚àíŒ∫2,,,
r_c,canon-mismatch,2.0,1.40897017e-15,VAM-2-Swirl_Clocks_and_Vorticity-Induced_Gravity.pdf,1097.0,me(rcCe)2,,,
r_c,canon-mismatch,1.40897017,1.40897017e-15,VAM-2-Swirl_Clocks_and_Vorticity-Induced_Gravity.pdf,1108.0,rc= 1.40897017√ó10‚àí15m,,,
r_c,canon-mismatch,12.0,1.40897017e-15,VAM-2-Swirl_Clocks_and_Vorticity-Induced_Gravity.pdf,1177.0,WhereŒ∫ iare the circulations of filaments and‚Éó r 12is the vector between them.,,,
r_c,canon-mismatch,2.0,1.40897017e-15,VAM-2-Swirl_Clocks_and_Vorticity-Induced_Gravity.pdf,1360.0,g. D.2 Rotating Superconductor Impulse Experiment,,,
r_c,canon-mismatch,2.0,1.40897017e-15,VAM-2-Swirl_Clocks_and_Vorticity-Induced_Gravity.pdf,1384.0,2. Light Deflection via √Ütheric Circulation,,,
r_c,canon-mismatch,2.0,1.40897017e-15,VAM-2-Swirl_Clocks_and_Vorticity-Induced_Gravity.pdf,1400.0,rc2œÑ/t(Chronos vs. External Clock),,,
r_c,canon-mismatch,2.0,1.40897017e-15,VAM-2-Swirl_Clocks_and_Vorticity-Induced_Gravity.pdf,1407.0,rc2/parenrightÔ£¨ig‚àí1/2‚àí1¬Øt(Observer frame),,,
r_c,canon-mismatch,2.0,1.40897017e-15,VAM-2-Swirl_Clocks_and_Vorticity-Induced_Gravity.pdf,1424.0,"2‚Éó œâ¬∑‚Éó vN,S(t)(√Ütheric circulation energy)",,,
r_c,canon-mismatch,2.0,1.40897017e-15,VAM-2-Swirl_Clocks_and_Vorticity-Induced_Gravity.pdf,1467.0,"mass generation via circulation and helicity, (2) bubble-like volume expansion due to inter-",,,
r_c,canon-mismatch,2.0,1.40897017e-15,VAM-2-Swirl_Clocks_and_Vorticity-Induced_Gravity.pdf,1492.0,rc2‚àíC2,,,
r_c,canon-mismatch,2.0,1.40897017e-15,VAM-2-Swirl_Clocks_and_Vorticity-Induced_Gravity.pdf,1494.0,c2e‚àír/rc‚àíC2,,,
r_c,canon-mismatch,2.0,1.40897017e-15,VAM-2-Swirl_Clocks_and_Vorticity-Induced_Gravity.pdf,1497.0,cc2e‚àír/rc (A1),,,
r_c,canon-mismatch,2.0,1.40897017e-15,VAM-2-Swirl_Clocks_and_Vorticity-Induced_Gravity.pdf,1508.0,c2e‚àír/rc‚àí2GswirlMeff(r),,,
r_c,canon-mismatch,2.0,1.40897017e-15,VAM-2-Swirl_Clocks_and_Vorticity-Induced_Gravity.pdf,1509.0,rc2‚àíŒ≤‚Ñ¶2 (A2),,,
r_c,canon-mismatch,2.0,1.40897017e-15,VAM-2-Swirl_Clocks_and_Vorticity-Induced_Gravity.pdf,1514.0,c2e‚àír/rc,,,
r_c,canon-mismatch,2.0,1.40897017e-15,VAM-2-Swirl_Clocks_and_Vorticity-Induced_Gravity.pdf,1519.0,rc2,,,
r_c,canon-mismatch,3.0,1.40897017e-15,VAM-2-Swirl_Clocks_and_Vorticity-Induced_Gravity.pdf,1535.0,3. Expanded Derivation: Rotational Energy as Time Delay Source,,,
r_c,canon-mismatch,1.0,1.40897017e-15,VAM-2-Swirl_Clocks_and_Vorticity-Induced_Gravity.pdf,1588.0,1‚àí2GM/(rc2),,,
r_c,canon-mismatch,1.40897017,1.40897017e-15,VAM-2-Swirl_Clocks_and_Vorticity-Induced_Gravity.pdf,1619.0,rc Core radius (Coulomb scale)1.40897017√ó10‚àí15m,,,
r_c,canon-mismatch,29.053507,1.40897017e-15,VAM-2-Swirl_Clocks_and_Vorticity-Induced_Gravity.pdf,1622.0,Fmax Maximum force29.053507N,,,
r_c,canon-mismatch,2.0,1.40897017e-15,VAM-2-Swirl_Clocks_and_Vorticity-Induced_Gravity.pdf,1625.0,rc/parenrightÔ£¨ig2,,,
r_c,canon-mismatch,1.40897017,1.40897017e-15,VAM-2-Swirl_Clocks_and_Vorticity-Induced_Gravity.pdf,1634.0,rc Vortex core radius Characteristic decay scale1.40897017√ó10‚àí15m,,,
r_c,canon-mismatch,29.053507,1.40897017e-15,VAM-2-Swirl_Clocks_and_Vorticity-Induced_Gravity.pdf,1639.0,Fmax Max force From Planck-scale dynamics29.053507N,,,
r_c,canon-mismatch,1.0,1.40897017e-15,VAM-2-Swirl_Clocks_and_Vorticity-Induced_Gravity.pdf,1689.0,rc=1,,,
r_c,canon-mismatch,1.0,1.40897017e-15,VAM-2-Swirl_Clocks_and_Vorticity-Induced_Gravity.pdf,1699.0,‚Ñèandrc=1,,,
r_c,canon-mismatch,29.0,1.40897017e-15,VAM-2-Swirl_Clocks_and_Vorticity-Induced_Gravity.pdf,1768.0,"‚Ä¢F maxis the maximum force in VAM, set to approximately29 N[?].",,,
r_c,canon-mismatch,29.0,1.40897017e-15,VAM-2-Swirl_Clocks_and_Vorticity-Induced_Gravity.pdf,1807.0,"‚Ä¢ThemaximumforceF max(‚âà29N)actsasanaturalcutoff,limitingthestrengthofgravitationalinteractions[?].",,,
r_c,canon-mismatch,2.0,1.40897017e-15,VAM-2-Swirl_Clocks_and_Vorticity-Induced_Gravity.pdf,1867.0,rc2.,,,
r_c,canon-mismatch,2.0,1.40897017e-15,VAM-2-Swirl_Clocks_and_Vorticity-Induced_Gravity.pdf,1871.0,c2e‚àír/rc‚àí‚Ñ¶2,,,
r_c,canon-mismatch,2.0,1.40897017e-15,VAM-2-Swirl_Clocks_and_Vorticity-Induced_Gravity.pdf,1872.0,"c2e‚àír/rc,",,,
r_c,canon-mismatch,20.0,1.40897017e-15,VAM-2-Swirl_Clocks_and_Vorticity-Induced_Gravity.pdf,1986.0,"MEMS & SAW samples (20‚Äì30) Commercial-grade, varied geometries/materials $4,000",,,
r_c,canon-mismatch,6.0,1.40897017e-15,VAM-2-Swirl_Clocks_and_Vorticity-Induced_Gravity.pdf,1987.0,"Custom nanobeam chips (optional) For extreme frequency testing (outsourced fabrication) $6,000",,,
r_c,canon-mismatch,2.0,1.40897017e-15,VAM-2-Swirl_Clocks_and_Vorticity-Induced_Gravity.pdf,2034.0,2Fmaxrc¬∑re‚àír/rc(D1),,,
r_c,canon-mismatch,2.0,1.40897017e-15,VAM-2-Swirl_Clocks_and_Vorticity-Induced_Gravity.pdf,2058.0,2Fmaxrc‚áí‚àÜg=‚àídŒ¶,,,
r_c,canon-mismatch,1.40897017,1.40897017e-15,VAM-2-Swirl_Clocks_and_Vorticity-Induced_Gravity.pdf,2071.0,rc 1.40897017√ó10‚àí15m,,,
r_c,canon-mismatch,2.0,1.40897017e-15,VAM-2-Swirl_Clocks_and_Vorticity-Induced_Gravity.pdf,2096.0,2Fmaxe‚àí2r/rc,,,
r_c,canon-mismatch,2.0,1.40897017e-15,VAM-2-Swirl_Clocks_and_Vorticity-Induced_Gravity.pdf,2110.0,Fmaxrce‚àí2r/rc,,,
r_c,canon-mismatch,3.0,1.40897017e-15,VAM-2-Swirl_Clocks_and_Vorticity-Induced_Gravity.pdf,2128.0,e‚àír/rc(D3),,,
r_c,canon-mismatch,1.0,1.40897017e-15,VAM-2-Swirl_Clocks_and_Vorticity-Induced_Gravity.pdf,2152.0,1. Hierarchical Temporal Ontology,,,
r_c,canon-mismatch,1.5,1.40897017e-15,VAM-2-Swirl_Clocks_and_Vorticity-Induced_Gravity.pdf,2227.0,"Consider a trefoil knot vortex withT v= 1.5√ó10‚àí21s, circulationŒì = 6.6√ó10‚àí8m2/s,",,,
r_c,canon-mismatch,2.0,1.40897017e-15,VAM-2-Swirl_Clocks_and_Vorticity-Induced_Gravity.pdf,2461.0,rc2.(I3),,,
r_c,canon-mismatch,2.0,1.40897017e-15,VAM-2-Swirl_Clocks_and_Vorticity-Induced_Gravity.pdf,2467.0,rc2.(I4),,,
r_c,canon-mismatch,2.0,1.40897017e-15,VAM-2-Swirl_Clocks_and_Vorticity-Induced_Gravity.pdf,2505.0,c2e‚àír/rc‚àí2GswirlMeff(r),,,
r_c,canon-mismatch,2.0,1.40897017e-15,VAM-2-Swirl_Clocks_and_Vorticity-Induced_Gravity.pdf,2506.0,rc2‚àíŒ≤‚Ñ¶2 (J1),,,
r_c,canon-mismatch,2.0,1.40897017e-15,VAM-2-Swirl_Clocks_and_Vorticity-Induced_Gravity.pdf,2508.0,rc2decreases at higher altitudes‚áíœÑaccelerates (clock,,,
r_c,canon-mismatch,2.0,1.40897017e-15,VAM-2-Swirl_Clocks_and_Vorticity-Induced_Gravity.pdf,2510.0,‚Ä¢Therotation term‚àíŒ≤‚Ñ¶2grows with increasing tangential velocity of the aircraft‚áí,,,
r_c,canon-mismatch,1.4,1.40897017e-15,VAM-2-Swirl_Clocks_and_Vorticity-Induced_Gravity.pdf,2524.0,rcVortex core radius‚àº1.4√ó10‚àí15m,,,
r_c,canon-mismatch,1.0,1.40897017e-15,VAM-2-Swirl_Clocks_and_Vorticity-Induced_Gravity.pdf,2532.0,1. Kelvin‚Äôs circulation theorem,,,
r_c,canon-mismatch,2.0,1.40897017e-15,VAM-2-Swirl_Clocks_and_Vorticity-Induced_Gravity.pdf,2541.0,2. Circulation around the vortex core,,,
r_c,canon-mismatch,2.0,1.40897017e-15,VAM-2-Swirl_Clocks_and_Vorticity-Induced_Gravity.pdf,2545.0,‚Éó v¬∑d‚Éól= 2œÄrcCe.(K2),,,
r_c,canon-mismatch,3.0,1.40897017e-15,VAM-2-Swirl_Clocks_and_Vorticity-Induced_Gravity.pdf,2548.0,3. Quantization of circulation,,,
r_c,canon-mismatch,4.0,1.40897017e-15,VAM-2-Swirl_Clocks_and_Vorticity-Induced_Gravity.pdf,2554.0,Œ∫=Cerc (K4),,,
r_c,canon-mismatch,1.0,1.40897017e-15,VAM-2-Swirl_Clocks_and_Vorticity-Induced_Gravity.pdf,3005.0,1. Quantization of Circulation,,,
r_c,canon-mismatch,2.0,1.40897017e-15,VAM-2-Swirl_Clocks_and_Vorticity-Induced_Gravity.pdf,3012.0,Œì = 2œÄrcCe.(S2),,,
r_c,canon-mismatch,2.0,1.40897017e-15,VAM-2-Swirl_Clocks_and_Vorticity-Induced_Gravity.pdf,3014.0,2œÄrcCe=2œÄ‚Ñè,,,
r_c,canon-mismatch,3.0,1.40897017e-15,VAM-2-Swirl_Clocks_and_Vorticity-Induced_Gravity.pdf,3016.0,merc.(S3),,,
r_c,canon-mismatch,2.0,1.40897017e-15,VAM-5-OnAVortexBasedLagrangianUnificationGravityElectromagnetism.pdf,92.0,rce‚àír/r c.(2),,,
r_c,canon-mismatch,14.0,1.40897017e-15,VAM-5-OnAVortexBasedLagrangianUnificationGravityElectromagnetism.pdf,179.0,rce‚àíri/rc(14),,,
r_c,canon-mismatch,1.0,1.40897017e-15,VAM-5-OnAVortexBasedLagrangianUnificationGravityElectromagnetism.pdf,192.0,rce‚àíri/rc/radicaltp/radicalvertex/radicalvertex/radicalbt1‚àíœÅ(energy),,,
r_c,canon-mismatch,1.0,1.40897017e-15,VAM-5-OnAVortexBasedLagrangianUnificationGravityElectromagnetism.pdf,199.0,Ô£ØÔ£∞e‚àíri/rc/radicaltp/radicalvertex/radicalvertex/radicalbt1‚àíœÅ(energy),,,
r_c,canon-mismatch,2.0,1.40897017e-15,VAM-5-OnAVortexBasedLagrangianUnificationGravityElectromagnetism.pdf,202.0,2œÄ2r4cUmax‚àíe‚àírj/rc/radicaltp/radicalvertex/radicalvertex/radicalbt1‚àíœÅ(energy),,,
r_c,canon-mismatch,3.0,1.40897017e-15,VAM-5-OnAVortexBasedLagrangianUnificationGravityElectromagnetism.pdf,403.0,"‚Éó œâ=‚àá√ó‚Éó v, circulationŒì =/contintegraltext‚Éó v¬∑d‚Éó‚Ñì, and helicityH=/integraltext‚Éó v¬∑‚Éó œâd3x[14, 18].",,,
r_c,canon-mismatch,2.0,1.40897017e-15,VAM-5-OnAVortexBasedLagrangianUnificationGravityElectromagnetism.pdf,491.0,"√¶Œªg|‚Éó œâ|2: Swirl energy, source of gravity and time dilation.",,,
r_c,canon-mismatch,19.0,1.40897017e-15,VAM-5-OnAVortexBasedLagrangianUnificationGravityElectromagnetism.pdf,602.0,"Vortex knots exhibit quantized circulation due to single-valuedness of the phase field [19, 24]:",,,
r_c,canon-mismatch,2.0,1.40897017e-15,VAM-5-OnAVortexBasedLagrangianUnificationGravityElectromagnetism.pdf,621.0,‚Ä¢h√¶= 2œÄ‚Ñè√¶is the circulation quantum.,,,
r_c,canon-mismatch,1.0,1.40897017e-15,VAM-5-OnAVortexBasedLagrangianUnificationGravityElectromagnetism.pdf,868.0,"‚Ä¢A right-handed swirl pattern yieldsright-circular polarization(S z= +1),",,,
r_c,canon-mismatch,1.0,1.40897017e-15,VAM-5-OnAVortexBasedLagrangianUnificationGravityElectromagnetism.pdf,869.0,"‚Ä¢A left-handed swirl yieldsleft-circular polarization(S z=‚àí1),",,,
r_c,canon-mismatch,-1.0,1.40897017e-15,VAM-5-OnAVortexBasedLagrangianUnificationGravityElectromagnetism.pdf,871.0,The photon‚Äôs spin-1 nature is topological: the toroidal configuration allows two discrete circu-,,,
r_c,canon-mismatch,6.8,1.40897017e-15,VAM-5-OnAVortexBasedLagrangianUnificationGravityElectromagnetism.pdf,895.0,CirculationŒì ‚àí6.80√ó10‚àí18m2/s,,,
r_c,canon-mismatch,3.0,1.40897017e-15,VAM-5-OnAVortexBasedLagrangianUnificationGravityElectromagnetism.pdf,1017.0,"D. Benchmark 3: Integrated Circulation, Energy, and Helicity",,,
r_c,canon-mismatch,1.0,1.40897017e-15,VAM-5-OnAVortexBasedLagrangianUnificationGravityElectromagnetism.pdf,1026.0,1. Circulation,,,
r_c,canon-mismatch,1.40897,1.40897017e-15,VAM-5-OnAVortexBasedLagrangianUnificationGravityElectromagnetism.pdf,1075.0,"‚Ä¢rc= 1.40897√ó10‚àí15m: vortex core radius,",,,
r_c,canon-mismatch,3.0,1.40897017e-15,VAM-5-OnAVortexBasedLagrangianUnificationGravityElectromagnetism.pdf,1127.0,x(t) = (R+rcos(3t)) cos(2t),,,
r_c,canon-mismatch,3.0,1.40897017e-15,VAM-5-OnAVortexBasedLagrangianUnificationGravityElectromagnetism.pdf,1128.0,y(t) = (R+rcos(3t)) sin(2t),,,
r_c,canon-mismatch,1.40897,1.40897017e-15,VAM-5-OnAVortexBasedLagrangianUnificationGravityElectromagnetism.pdf,1171.0,"‚Ä¢rc= 1.40897√ó10‚àí15m,",,,
r_c,canon-mismatch,1.40897,1.40897017e-15,VAM-5-OnAVortexBasedLagrangianUnificationGravityElectromagnetism.pdf,1348.0,"‚Ä¢rc= 1.40897√ó10‚àí15m,",,,
r_c,canon-mismatch,8.0,1.40897017e-15,VAM-5-OnAVortexBasedLagrangianUnificationGravityElectromagnetism.pdf,1379.0,H. Benchmark 8: Planck-Scale Vortex and Maximum Force Limit,,,
r_c,canon-mismatch,7.76,1.40897017e-15,VAM-5-OnAVortexBasedLagrangianUnificationGravityElectromagnetism.pdf,1391.0,rc‚âà7.76√ó1020rad/s (H1),,,
r_c,canon-mismatch,19.37,1.40897017e-15,VAM-5-OnAVortexBasedLagrangianUnificationGravityElectromagnetism.pdf,1406.0,rc‚âà19.37N (H5),,,
r_c,canon-mismatch,2.0,1.40897017e-15,VAM-5-OnAVortexBasedLagrangianUnificationGravityElectromagnetism.pdf,1407.0,2. Comparison with Defined Maximum Force,,,
r_c,canon-mismatch,1.0,1.40897017e-15,VAM-5-OnAVortexBasedLagrangianUnificationGravityElectromagnetism.pdf,1437.0,rce‚àír/r c(I1),,,
r_c,canon-mismatch,2.0,1.40897017e-15,VAM-5-OnAVortexBasedLagrangianUnificationGravityElectromagnetism.pdf,1443.0,2Fmaxrcre‚àír/r c(I2),,,
r_c,canon-mismatch,10.0,1.40897017e-15,VAM-5-OnAVortexBasedLagrangianUnificationGravityElectromagnetism.pdf,1541.0,"[10] Charles W. Misner, Kip S. Thorne, and John Archibald Wheeler.Gravitation. W. H. Freeman,",,,
r_c,intra-corpus-spread,,,,,,-1.0,2010.0,193.0
t_p,canon-mismatch,10.5281,5.391247e-44,VAM-8.5-Master_Formula.pdf,208.0,"gravity, and time. https://doi.org/10.5281/zenodo.15848010, 2025. Preprint.",,,
t_p,canon-mismatch,2.0,5.391247e-44,VAM-14-Topological_Fluid_Dynamics_Lagrangian.pdf,1982.0,Thenumeratorùëí2isafluxofactionperunitpermittivity;dividingbyaspeedconvertsittopureaction,,,
t_p,canon-mismatch,244.0,5.391247e-44,VAM_15_Quantum_Gravity.pdf,1587.0,244VAM-1: Equation (3) ‚ÄîdœÑ=dtp,,,
t_p,canon-mismatch,10.5281,5.391247e-44,VAM_15_Quantum_Gravity.pdf,1836.0,https://doi.org/10.5281/zenodo.15669795,,,
t_p,canon-mismatch,10.5281,5.391247e-44,VAM_15_Quantum_Gravity.pdf,1839.0,https://doi.org/10.5281/zenodo.15566336,,,
t_p,canon-mismatch,10.5281,5.391247e-44,VAM_15_Quantum_Gravity.pdf,1842.0,https://doi.org/10.5281/zenodo.15665433,,,
t_p,canon-mismatch,10.5281,5.391247e-44,VAM_15_Quantum_Gravity.pdf,1845.0,https://doi.org/10.5281/zenodo.15706539,,,
t_p,canon-mismatch,10.5281,5.391247e-44,VAM_15_Quantum_Gravity.pdf,1848.0,https://doi.org/10.5281/zenodo.15669904,,,
t_p,canon-mismatch,10.5281,5.391247e-44,VAM_15_Quantum_Gravity.pdf,1850.0,https://doi.org/10.5281/zenodo.15669908,,,
t_p,canon-mismatch,10.5281,5.391247e-44,VAM_15_Quantum_Gravity.pdf,1852.0,https://doi.org/10.5281/zenodo.15772855,,,
t_p,canon-mismatch,10.5281,5.391247e-44,VAM_15_Quantum_Gravity.pdf,1854.0,https://doi.org/10.5281/zenodo.15772859,,,
t_p,canon-mismatch,10.5281,5.391247e-44,VAM_15_Quantum_Gravity.pdf,1856.0,https://doi.org/10.5281/zenodo.15772861,,,
t_p,canon-mismatch,10.5281,5.391247e-44,VAM_15_Quantum_Gravity.pdf,1859.0,https://doi.org/10.5281/zenodo.15669892,,,
t_p,canon-mismatch,10.5281,5.391247e-44,VAM_15_Quantum_Gravity.pdf,1861.0,https://doi.org/10.5281/zenodo.15706536,,,
t_p,canon-mismatch,10.5281,5.391247e-44,VAM_15_Quantum_Gravity.pdf,1863.0,https://doi.org/10.5281/zenodo.15772860,,,
t_p,canon-mismatch,10.5281,5.391247e-44,VAM_15_Quantum_Gravity.pdf,1866.0,https://doi.org/10.5281/zenodo.15706547,,,
t_p,canon-mismatch,10.5281,5.391247e-44,VAM_15_Quantum_Gravity.pdf,1869.0,https://doi.org/10.5281/zenodo.15772858,,,
t_p,canon-mismatch,10.1038,5.391247e-44,VAM_15_Quantum_Gravity.pdf,1872.0,https://doi.org/10.1038/nphys2483,,,
t_p,canon-mismatch,1.0,5.391247e-44,VAM-2-Swirl_Clocks_and_Vorticity-Induced_Gravity.pdf,1491.0,dN=/radicaltp/radicalvertex/radicalvertex/radicalbt1‚àí2Ghybrid (r)Mhybrid (r),,,
t_p,canon-mismatch,5.391247,5.391247e-44,VAM-2-Swirl_Clocks_and_Vorticity-Induced_Gravity.pdf,1621.0,tp Planck time5.391247√ó10‚àí44s,,,
t_p,canon-mismatch,5.391247,5.391247e-44,VAM-2-Swirl_Clocks_and_Vorticity-Induced_Gravity.pdf,1640.0,tp Planck time Quantum gravity scale5.391247√ó10‚àí44s,,,
t_p,canon-mismatch,5.391247,5.391247e-44,VAM-2-Swirl_Clocks_and_Vorticity-Induced_Gravity.pdf,2073.0,tp 5.391247√ó10‚àí44s,,,
t_p,canon-mismatch,3.1,5.391247e-44,VAM-5-OnAVortexBasedLagrangianUnificationGravityElectromagnetism.pdf,95.0,"For a chiral knot such as the right-handed trefoil (KnotPlot ID3.1.1), the swirlclock progresses",,,
t_p,canon-mismatch,1.0,5.391247e-44,VAM-5-OnAVortexBasedLagrangianUnificationGravityElectromagnetism.pdf,192.0,rce‚àíri/rc/radicaltp/radicalvertex/radicalvertex/radicalbt1‚àíœÅ(energy),,,
t_p,canon-mismatch,1.0,5.391247e-44,VAM-5-OnAVortexBasedLagrangianUnificationGravityElectromagnetism.pdf,199.0,Ô£ØÔ£∞e‚àíri/rc/radicaltp/radicalvertex/radicalvertex/radicalbt1‚àíœÅ(energy),,,
t_p,canon-mismatch,2.0,5.391247e-44,VAM-5-OnAVortexBasedLagrangianUnificationGravityElectromagnetism.pdf,202.0,2œÄ2r4cUmax‚àíe‚àírj/rc/radicaltp/radicalvertex/radicalvertex/radicalbt1‚àíœÅ(energy),,,
t_p,canon-mismatch,1.0,5.391247e-44,VAM-5-OnAVortexBasedLagrangianUnificationGravityElectromagnetism.pdf,730.0,dN=/radicaltp/radicalvertex/radicalvertex/radicalbt1‚àí/parenleftÔ£¨igg,,,
t_p,canon-mismatch,10.5281,5.391247e-44,VAM-5-OnAVortexBasedLagrangianUnificationGravityElectromagnetism.pdf,1536.0,"structured vortex √Üther.https://doi.org/10.5281/zenodo.15566335, 2025. Preprint.",,,
t_p,canon-mismatch,10.5281,5.391247e-44,VAM-5-OnAVortexBasedLagrangianUnificationGravityElectromagnetism.pdf,1538.0,"dynamics.https://doi.org/10.5281/zenodo.15772832, 2025. Preprint.",,,
t_p,canon-mismatch,10.5281,5.391247e-44,VAM-5-OnAVortexBasedLagrangianUnificationGravityElectromagnetism.pdf,1540.0,"gravity, and time.https://doi.org/10.5281/zenodo.15848010, 2025. Preprint.",,,
t_p,intra-corpus-spread,,,,,,1.0,244.0,30.0
